{"cameraMode":{"drawMode":0,"name":"Shaded","section":"Shading Mode"},"sceneLighting":false,"audioPlay":false,"sceneViewState":{"m_AlwaysRefresh":false,"showFog":true,"showSkybox":true,"showFlares":true,"showImageEffects":true,"showParticleSystems":true,"showVisualEffectGraphs":true,"m_FxEnabled":false},"in2DMode":false,"pivot":{"x":1235.4869384765625,"y":524.9493408203125,"z":-18.704553604125978},"rotation":{"x":0.005784281995147467,"y":0.7242472767829895,"z":-0.006087905261665583,"w":0.6894593834877014},"size":164.92025756835938,"orthographic":false}